,ball_no,total_innings,mean_runs,cumal_runs,batsman
0,1,218.0,0.564220183486,0.564220183486,AbdV
1,2,215.0,0.651162790698,1.21538297418,AbdV
2,3,213.0,0.774647887324,1.99003086151,AbdV
3,4,213.0,0.676056338028,2.66608719954,AbdV
4,5,208.0,0.764423076923,3.43051027646,AbdV
5,6,200.0,0.875,4.30551027646,AbdV
6,7,198.0,0.914141414141,5.2196516906,AbdV
7,8,195.0,0.779487179487,5.99913887009,AbdV
8,9,191.0,0.937172774869,6.93631164496,AbdV
9,10,187.0,0.807486631016,7.74379827597,AbdV
10,11,182.0,0.873626373626,8.6174246496,AbdV
11,12,180.0,0.866666666667,9.48409131627,AbdV
12,13,176.0,0.806818181818,10.2909094981,AbdV
13,14,172.0,0.941860465116,11.2327699632,AbdV
14,15,172.0,1.01744186047,12.2502118237,AbdV
15,16,170.0,0.905882352941,13.1560941766,AbdV
16,17,169.0,0.988165680473,14.1442598571,AbdV
17,18,166.0,0.771084337349,14.9153441944,AbdV
18,19,162.0,0.962962962963,15.8783071574,AbdV
19,20,159.0,0.842767295597,16.721074453,AbdV
20,21,155.0,0.987096774194,17.7081712272,AbdV
21,22,153.0,0.862745098039,18.5709163252,AbdV
22,23,151.0,1.01324503311,19.5841613583,AbdV
23,24,148.0,1.05405405405,20.6382154124,AbdV
24,25,147.0,0.938775510204,21.5769909226,AbdV
25,26,143.0,0.888111888112,22.4651028107,AbdV
26,27,141.0,0.992907801418,23.4580106121,AbdV
27,28,137.0,0.92700729927,24.3850179114,AbdV
28,29,135.0,1.02962962963,25.414647541,AbdV
29,30,133.0,1.15037593985,26.5650234809,AbdV
30,31,130.0,1.06923076923,27.6342542501,AbdV
31,32,127.0,1.00787401575,28.6421282658,AbdV
32,33,126.0,1.0,29.6421282658,AbdV
33,34,126.0,0.873015873016,30.5151441389,AbdV
34,35,125.0,0.976,31.4911441389,AbdV
35,36,117.0,1.24786324786,32.7390073867,AbdV
36,37,116.0,0.98275862069,33.7217660074,AbdV
37,38,111.0,1.05405405405,34.7758200615,AbdV
38,39,106.0,0.905660377358,35.6814804388,AbdV
39,40,104.0,0.932692307692,36.6141727465,AbdV
40,41,99.0,1.20202020202,37.8161929485,AbdV
41,42,94.0,1.08510638298,38.9012993315,AbdV
42,43,92.0,1.04347826087,39.9447775924,AbdV
43,44,89.0,1.13483146067,41.0796090531,AbdV
44,45,88.0,0.931818181818,42.0114272349,AbdV
45,46,84.0,1.2380952381,43.249522473,AbdV
46,47,80.0,1.075,44.324522473,AbdV
47,48,78.0,1.14102564103,45.465548114,AbdV
48,49,77.0,0.948051948052,46.4136000621,AbdV
49,50,75.0,1.18666666667,47.6002667287,AbdV
50,51,75.0,0.973333333333,48.5736000621,AbdV
51,52,73.0,0.780821917808,49.3544219799,AbdV
52,53,71.0,1.15492957746,50.5093515573,AbdV
53,54,70.0,1.6,52.1093515573,AbdV
54,55,70.0,1.05714285714,53.1664944145,AbdV
55,56,69.0,1.40579710145,54.5722915159,AbdV
56,57,69.0,1.07246376812,55.644755284,AbdV
57,58,69.0,1.08695652174,56.7317118058,AbdV
58,59,68.0,0.955882352941,57.6875941587,AbdV
59,60,65.0,1.18461538462,58.8722095433,AbdV
60,61,65.0,1.2,60.0722095433,AbdV
61,62,65.0,1.18461538462,61.256824928,AbdV
62,63,63.0,1.22222222222,62.4790471502,AbdV
63,64,61.0,1.3606557377,63.8397028879,AbdV
64,65,59.0,1.30508474576,65.1447876336,AbdV
65,66,57.0,0.982456140351,66.127243774,AbdV
66,67,56.0,1.19642857143,67.3236723454,AbdV
67,68,55.0,1.21818181818,68.5418541636,AbdV
68,69,54.0,1.2037037037,69.7455578673,AbdV
69,70,53.0,1.28301886792,71.0285767352,AbdV
70,71,53.0,1.35849056604,72.3870673013,AbdV
71,72,52.0,0.884615384615,73.2716826859,AbdV
72,73,50.0,1.06,74.3316826859,AbdV
73,74,45.0,0.955555555556,75.2872382414,AbdV
74,75,43.0,1.3488372093,76.6360754507,AbdV
75,76,43.0,1.11627906977,77.7523545205,AbdV
76,77,41.0,1.31707317073,79.0694276912,AbdV
77,78,40.0,1.075,80.1444276912,AbdV
78,79,39.0,1.02564102564,81.1700687169,AbdV
79,80,39.0,0.923076923077,82.0931456399,AbdV
80,81,37.0,1.45945945946,83.5526050994,AbdV
81,82,37.0,1.83783783784,85.3904429372,AbdV
82,83,35.0,1.0,86.3904429372,AbdV
83,84,35.0,1.14285714286,87.5333000801,AbdV
84,85,34.0,1.38235294118,88.9156530213,AbdV
85,86,32.0,1.15625,90.0719030213,AbdV
86,87,30.0,1.26666666667,91.338569688,AbdV
87,88,28.0,1.25,92.588569688,AbdV
88,89,27.0,1.11111111111,93.6996807991,AbdV
89,90,26.0,1.42307692308,95.1227577221,AbdV
90,91,24.0,2.08333333333,97.2060910555,AbdV
91,92,24.0,1.45833333333,98.6644243888,AbdV
92,93,23.0,1.47826086957,100.142685258,AbdV
93,94,22.0,1.59090909091,101.733594349,AbdV
94,95,22.0,1.81818181818,103.551776167,AbdV
95,96,22.0,1.63636363636,105.188139804,AbdV
96,97,20.0,1.45,106.638139804,AbdV
97,98,20.0,1.6,108.238139804,AbdV
98,99,20.0,0.65,108.888139804,AbdV
99,100,18.0,0.944444444444,109.832584248,AbdV
100,101,16.0,1.375,111.207584248,AbdV
101,102,14.0,1.35714285714,112.564727105,AbdV
102,103,14.0,1.57142857143,114.136155677,AbdV
103,104,12.0,0.75,114.886155677,AbdV
104,105,11.0,0.909090909091,115.795246586,AbdV
105,106,10.0,1.0,116.795246586,AbdV
106,107,9.0,1.11111111111,117.906357697,AbdV
107,108,6.0,0.833333333333,118.73969103,AbdV
108,109,5.0,0.6,119.33969103,AbdV
109,110,5.0,0.6,119.93969103,AbdV
110,111,4.0,1.0,120.93969103,AbdV
111,112,4.0,0.75,121.68969103,AbdV
112,113,4.0,2.5,124.18969103,AbdV
113,114,2.0,0.5,124.68969103,AbdV
114,115,2.0,1.5,126.18969103,AbdV
115,116,2.0,2.0,128.18969103,AbdV
116,117,1.0,1.0,129.18969103,AbdV
117,118,1.0,1.0,130.18969103,AbdV
118,119,1.0,1.0,131.18969103,AbdV
119,120,1.0,6.0,137.18969103,AbdV
120,121,1.0,1.0,138.18969103,AbdV
121,122,1.0,6.0,144.18969103,AbdV
122,123,1.0,6.0,150.18969103,AbdV
123,124,1.0,6.0,156.18969103,AbdV
124,125,1.0,1.0,157.18969103,AbdV
125,126,1.0,4.0,161.18969103,AbdV
126,127,1.0,4.0,165.18969103,AbdV
127,128,1.0,1.0,166.18969103,AbdV
128,129,1.0,2.0,168.18969103,AbdV
129,130,1.0,4.0,172.18969103,AbdV
130,131,1.0,2.0,174.18969103,AbdV
131,132,1.0,0.0,174.18969103,AbdV
132,133,1.0,1.0,175.18969103,AbdV
133,134,1.0,0.0,175.18969103,AbdV
0,1,121.0,0.322314049587,0.322314049587,KaneWilliamson
1,2,121.0,0.355371900826,0.677685950413,KaneWilliamson
2,3,118.0,0.516949152542,1.19463510295,KaneWilliamson
3,4,118.0,0.601694915254,1.79633001821,KaneWilliamson
4,5,118.0,0.516949152542,2.31327917075,KaneWilliamson
5,6,118.0,0.669491525424,2.98277069617,KaneWilliamson
6,7,116.0,0.456896551724,3.4396672479,KaneWilliamson
7,8,116.0,0.5,3.9396672479,KaneWilliamson
8,9,112.0,0.6875,4.6271672479,KaneWilliamson
9,10,110.0,0.7,5.3271672479,KaneWilliamson
10,11,110.0,0.718181818182,6.04534906608,KaneWilliamson
11,12,109.0,0.816513761468,6.86186282755,KaneWilliamson
12,13,106.0,0.72641509434,7.58827792189,KaneWilliamson
13,14,104.0,0.740384615385,8.32866253727,KaneWilliamson
14,15,103.0,0.728155339806,9.05681787708,KaneWilliamson
15,16,102.0,0.696078431373,9.75289630845,KaneWilliamson
16,17,99.0,0.767676767677,10.5205730761,KaneWilliamson
17,18,97.0,0.628865979381,11.1494390555,KaneWilliamson
18,19,95.0,0.421052631579,11.5704916871,KaneWilliamson
19,20,93.0,0.623655913978,12.1941476011,KaneWilliamson
20,21,93.0,0.870967741935,13.065115343,KaneWilliamson
21,22,92.0,0.771739130435,13.8368544734,KaneWilliamson
22,23,89.0,0.741573033708,14.5784275071,KaneWilliamson
23,24,87.0,0.793103448276,15.3715309554,KaneWilliamson
24,25,86.0,0.755813953488,16.1273449089,KaneWilliamson
25,26,86.0,0.767441860465,16.8947867694,KaneWilliamson
26,27,85.0,0.811764705882,17.7065514753,KaneWilliamson
27,28,82.0,0.878048780488,18.5846002557,KaneWilliamson
28,29,81.0,0.691358024691,19.2759582804,KaneWilliamson
29,30,79.0,0.620253164557,19.896211445,KaneWilliamson
30,31,78.0,0.871794871795,20.7680063168,KaneWilliamson
31,32,78.0,0.807692307692,21.5756986245,KaneWilliamson
32,33,78.0,0.717948717949,22.2936473424,KaneWilliamson
33,34,76.0,0.881578947368,23.1752262898,KaneWilliamson
34,35,75.0,1.13333333333,24.3085596231,KaneWilliamson
35,36,74.0,0.986486486486,25.2950461096,KaneWilliamson
36,37,72.0,0.597222222222,25.8922683318,KaneWilliamson
37,38,72.0,1.02777777778,26.9200461096,KaneWilliamson
38,39,69.0,0.855072463768,27.7751185734,KaneWilliamson
39,40,69.0,1.04347826087,28.8185968343,KaneWilliamson
40,41,68.0,0.735294117647,29.5538909519,KaneWilliamson
41,42,66.0,0.863636363636,30.4175273155,KaneWilliamson
42,43,64.0,0.921875,31.3394023155,KaneWilliamson
43,44,61.0,1.08196721311,32.4213695286,KaneWilliamson
44,45,61.0,0.967213114754,33.3885826434,KaneWilliamson
45,46,60.0,0.65,34.0385826434,KaneWilliamson
46,47,59.0,0.864406779661,34.9029894231,KaneWilliamson
47,48,57.0,1.0,35.9029894231,KaneWilliamson
48,49,56.0,0.839285714286,36.7422751373,KaneWilliamson
49,50,55.0,1.29090909091,38.0331842283,KaneWilliamson
50,51,55.0,1.25454545455,39.2877296828,KaneWilliamson
51,52,54.0,0.87037037037,40.1581000532,KaneWilliamson
52,53,52.0,1.19230769231,41.3504077455,KaneWilliamson
53,54,51.0,1.13725490196,42.4876626474,KaneWilliamson
54,55,48.0,0.583333333333,43.0709959808,KaneWilliamson
55,56,47.0,1.08510638298,44.1561023638,KaneWilliamson
56,57,46.0,0.869565217391,45.0256675812,KaneWilliamson
57,58,46.0,1.60869565217,46.6343632333,KaneWilliamson
58,59,46.0,1.17391304348,47.8082762768,KaneWilliamson
59,60,46.0,0.760869565217,48.569145842,KaneWilliamson
60,61,45.0,0.733333333333,49.3024791754,KaneWilliamson
61,62,44.0,1.20454545455,50.5070246299,KaneWilliamson
62,63,44.0,0.863636363636,51.3706609935,KaneWilliamson
63,64,42.0,0.761904761905,52.1325657554,KaneWilliamson
64,65,42.0,0.904761904762,53.0373276602,KaneWilliamson
65,66,41.0,1.0487804878,54.086108148,KaneWilliamson
66,67,39.0,1.02564102564,55.1117491736,KaneWilliamson
67,68,39.0,0.897435897436,56.0091850711,KaneWilliamson
68,69,39.0,0.820512820513,56.8296978916,KaneWilliamson
69,70,39.0,1.12820512821,57.9579030198,KaneWilliamson
70,71,37.0,1.13513513514,59.0930381549,KaneWilliamson
71,72,35.0,1.05714285714,60.1501810121,KaneWilliamson
72,73,35.0,1.17142857143,61.3216095835,KaneWilliamson
73,74,34.0,1.20588235294,62.5274919365,KaneWilliamson
74,75,32.0,1.125,63.6524919365,KaneWilliamson
75,76,29.0,1.13793103448,64.7904229709,KaneWilliamson
76,77,29.0,1.34482758621,66.1352505571,KaneWilliamson
77,78,29.0,1.65517241379,67.7904229709,KaneWilliamson
78,79,29.0,1.03448275862,68.8249057296,KaneWilliamson
79,80,29.0,0.724137931034,69.5490436606,KaneWilliamson
80,81,28.0,1.10714285714,70.6561865177,KaneWilliamson
81,82,28.0,0.857142857143,71.5133293749,KaneWilliamson
82,83,27.0,0.851851851852,72.3651812267,KaneWilliamson
83,84,27.0,0.925925925926,73.2911071526,KaneWilliamson
84,85,27.0,1.03703703704,74.3281441897,KaneWilliamson
85,86,25.0,1.28,75.6081441897,KaneWilliamson
86,87,24.0,0.916666666667,76.5248108564,KaneWilliamson
87,88,24.0,0.708333333333,77.2331441897,KaneWilliamson
88,89,20.0,1.3,78.5331441897,KaneWilliamson
89,90,20.0,1.3,79.8331441897,KaneWilliamson
90,91,20.0,0.7,80.5331441897,KaneWilliamson
91,92,19.0,0.947368421053,81.4805126107,KaneWilliamson
92,93,17.0,1.52941176471,83.0099243755,KaneWilliamson
93,94,17.0,1.23529411765,84.2452184931,KaneWilliamson
94,95,17.0,1.11764705882,85.3628655519,KaneWilliamson
95,96,16.0,0.9375,86.3003655519,KaneWilliamson
96,97,16.0,0.875,87.1753655519,KaneWilliamson
97,98,15.0,1.33333333333,88.5086988853,KaneWilliamson
98,99,15.0,1.26666666667,89.7753655519,KaneWilliamson
99,100,14.0,0.428571428571,90.2039369805,KaneWilliamson
100,101,14.0,1.14285714286,91.3467941234,KaneWilliamson
101,102,12.0,0.833333333333,92.1801274567,KaneWilliamson
102,103,12.0,0.833333333333,93.01346079,KaneWilliamson
103,104,11.0,1.18181818182,94.1952789718,KaneWilliamson
104,105,11.0,1.36363636364,95.5589153355,KaneWilliamson
105,106,11.0,0.727272727273,96.2861880628,KaneWilliamson
106,107,11.0,1.18181818182,97.4680062446,KaneWilliamson
107,108,10.0,0.7,98.1680062446,KaneWilliamson
108,109,9.0,0.444444444444,98.612450689,KaneWilliamson
109,110,8.0,1.0,99.612450689,KaneWilliamson
110,111,8.0,1.0,100.612450689,KaneWilliamson
111,112,8.0,0.875,101.487450689,KaneWilliamson
112,113,8.0,1.0,102.487450689,KaneWilliamson
113,114,8.0,1.375,103.862450689,KaneWilliamson
114,115,8.0,0.75,104.612450689,KaneWilliamson
115,116,7.0,0.571428571429,105.18387926,KaneWilliamson
116,117,7.0,1.28571428571,106.469593546,KaneWilliamson
117,118,7.0,0.571428571429,107.041022118,KaneWilliamson
118,119,6.0,1.0,108.041022118,KaneWilliamson
119,120,5.0,0.8,108.841022118,KaneWilliamson
120,121,4.0,0.75,109.591022118,KaneWilliamson
121,122,4.0,0.5,110.091022118,KaneWilliamson
122,123,4.0,1.5,111.591022118,KaneWilliamson
123,124,4.0,1.0,112.591022118,KaneWilliamson
124,125,4.0,1.0,113.591022118,KaneWilliamson
125,126,4.0,1.5,115.091022118,KaneWilliamson
126,127,4.0,0.5,115.591022118,KaneWilliamson
127,128,4.0,1.25,116.841022118,KaneWilliamson
128,129,4.0,1.0,117.841022118,KaneWilliamson
129,130,4.0,0.75,118.591022118,KaneWilliamson
130,131,3.0,0.666666666667,119.257688784,KaneWilliamson
131,132,3.0,1.0,120.257688784,KaneWilliamson
132,133,3.0,2.33333333333,122.591022118,KaneWilliamson
133,134,3.0,2.0,124.591022118,KaneWilliamson
134,135,3.0,0.0,124.591022118,KaneWilliamson
135,136,2.0,2.0,126.591022118,KaneWilliamson
136,137,2.0,1.0,127.591022118,KaneWilliamson
137,138,2.0,2.0,129.591022118,KaneWilliamson
138,139,2.0,1.5,131.091022118,KaneWilliamson
139,140,2.0,6.0,137.091022118,KaneWilliamson
140,141,1.0,2.0,139.091022118,KaneWilliamson
141,142,1.0,0.0,139.091022118,KaneWilliamson
142,143,1.0,0.0,139.091022118,KaneWilliamson
0,1,199.0,0.311557788945,0.311557788945,ViratKohli
1,2,197.0,0.406091370558,0.717649159503,ViratKohli
2,3,195.0,0.461538461538,1.17918762104,ViratKohli
3,4,189.0,0.62962962963,1.80881725067,ViratKohli
4,5,187.0,0.695187165775,2.50400441645,ViratKohli
5,6,178.0,0.719101123596,3.22310554004,ViratKohli
6,7,176.0,0.744318181818,3.96742372186,ViratKohli
7,8,174.0,0.534482758621,4.50190648048,ViratKohli
8,9,170.0,0.635294117647,5.13720059813,ViratKohli
9,10,165.0,0.824242424242,5.96144302237,ViratKohli
10,11,165.0,0.793939393939,6.75538241631,ViratKohli
11,12,163.0,0.840490797546,7.59587321385,ViratKohli
12,13,160.0,0.91875,8.51462321385,ViratKohli
13,14,156.0,0.692307692308,9.20693090616,ViratKohli
14,15,155.0,0.890322580645,10.0972534868,ViratKohli
15,16,155.0,0.961290322581,11.0585438094,ViratKohli
16,17,154.0,0.909090909091,11.9676347185,ViratKohli
17,18,152.0,0.835526315789,12.8031610343,ViratKohli
18,19,146.0,0.808219178082,13.6113802124,ViratKohli
19,20,143.0,0.776223776224,14.3876039886,ViratKohli
20,21,141.0,0.77304964539,15.160653634,ViratKohli
21,22,138.0,0.869565217391,16.0302188514,ViratKohli
22,23,132.0,0.939393939394,16.9696127908,ViratKohli
23,24,132.0,0.901515151515,17.8711279423,ViratKohli
24,25,131.0,0.847328244275,18.7184561865,ViratKohli
25,26,129.0,0.868217054264,19.5866732408,ViratKohli
26,27,129.0,0.883720930233,20.470394171,ViratKohli
27,28,126.0,0.825396825397,21.2957909964,ViratKohli
28,29,125.0,0.768,22.0637909964,ViratKohli
29,30,123.0,0.634146341463,22.6979373379,ViratKohli
30,31,120.0,0.866666666667,23.5646040046,ViratKohli
31,32,120.0,0.783333333333,24.3479373379,ViratKohli
32,33,120.0,0.916666666667,25.2646040046,ViratKohli
33,34,117.0,0.905982905983,26.1705869105,ViratKohli
34,35,114.0,0.885964912281,27.0565518228,ViratKohli
35,36,113.0,0.849557522124,27.906109345,ViratKohli
36,37,111.0,0.792792792793,28.6989021377,ViratKohli
37,38,110.0,0.7,29.3989021377,ViratKohli
38,39,109.0,0.669724770642,30.0686269084,ViratKohli
39,40,107.0,0.990654205607,31.059281114,ViratKohli
40,41,107.0,0.96261682243,32.0218979364,ViratKohli
41,42,104.0,0.875,32.8968979364,ViratKohli
42,43,102.0,1.05882352941,33.9557214658,ViratKohli
43,44,102.0,1.00980392157,34.9655253874,ViratKohli
44,45,100.0,0.95,35.9155253874,ViratKohli
45,46,100.0,0.98,36.8955253874,ViratKohli
46,47,99.0,0.878787878788,37.7743132662,ViratKohli
47,48,97.0,1.03092783505,38.8052411012,ViratKohli
48,49,97.0,0.989690721649,39.7949318229,ViratKohli
49,50,97.0,0.938144329897,40.7330761528,ViratKohli
50,51,96.0,0.854166666667,41.5872428195,ViratKohli
51,52,94.0,1.13829787234,42.7255406918,ViratKohli
52,53,90.0,0.955555555556,43.6810962474,ViratKohli
53,54,90.0,1.04444444444,44.7255406918,ViratKohli
54,55,87.0,0.83908045977,45.5646211516,ViratKohli
55,56,86.0,0.744186046512,46.3088071981,ViratKohli
56,57,85.0,1.08235294118,47.3911601393,ViratKohli
57,58,84.0,1.09523809524,48.4863982345,ViratKohli
58,59,84.0,1.0,49.4863982345,ViratKohli
59,60,84.0,1.07142857143,50.5578268059,ViratKohli
60,61,83.0,1.34939759036,51.9072243963,ViratKohli
61,62,82.0,1.12195121951,53.0291756158,ViratKohli
62,63,82.0,1.26829268293,54.2974682987,ViratKohli
63,64,81.0,0.814814814815,55.1122831135,ViratKohli
64,65,81.0,1.0987654321,56.2110485456,ViratKohli
65,66,78.0,1.08974358974,57.3007921354,ViratKohli
66,67,75.0,1.04,58.3407921354,ViratKohli
67,68,74.0,1.14864864865,59.489440784,ViratKohli
68,69,72.0,1.30555555556,60.7949963396,ViratKohli
69,70,68.0,1.13235294118,61.9273492808,ViratKohli
70,71,67.0,0.776119402985,62.7034686838,ViratKohli
71,72,66.0,0.742424242424,63.4458929262,ViratKohli
72,73,65.0,1.36923076923,64.8151236954,ViratKohli
73,74,63.0,0.809523809524,65.6246475049,ViratKohli
74,75,61.0,0.786885245902,66.4115327508,ViratKohli
75,76,61.0,1.2131147541,67.6246475049,ViratKohli
76,77,60.0,1.15,68.7746475049,ViratKohli
77,78,60.0,1.05,69.8246475049,ViratKohli
78,79,57.0,1.0,70.8246475049,ViratKohli
79,80,57.0,1.0701754386,71.8948229435,ViratKohli
80,81,55.0,1.58181818182,73.4766411254,ViratKohli
81,82,54.0,1.22222222222,74.6988633476,ViratKohli
82,83,53.0,0.905660377358,75.6045237249,ViratKohli
83,84,52.0,1.28846153846,76.8929852634,ViratKohli
84,85,51.0,1.19607843137,78.0890636948,ViratKohli
85,86,50.0,1.22,79.3090636948,ViratKohli
86,87,48.0,0.9375,80.2465636948,ViratKohli
87,88,48.0,0.895833333333,81.1423970281,ViratKohli
88,89,47.0,1.25531914894,82.397716177,ViratKohli
89,90,46.0,0.934782608696,83.3324987857,ViratKohli
90,91,46.0,0.804347826087,84.1368466118,ViratKohli
91,92,44.0,1.15909090909,85.2959375209,ViratKohli
92,93,43.0,1.37209302326,86.6680305442,ViratKohli
93,94,41.0,1.34146341463,88.0094939588,ViratKohli
94,95,40.0,0.9,88.9094939588,ViratKohli
95,96,37.0,1.13513513514,90.0446290939,ViratKohli
96,97,37.0,0.837837837838,90.8824669318,ViratKohli
97,98,37.0,1.13513513514,92.0176020669,ViratKohli
98,99,35.0,1.05714285714,93.0747449241,ViratKohli
99,100,33.0,0.969696969697,94.0444418938,ViratKohli
100,101,33.0,1.09090909091,95.1353509847,ViratKohli
101,102,33.0,0.939393939394,96.0747449241,ViratKohli
102,103,31.0,1.41935483871,97.4940997628,ViratKohli
103,104,30.0,1.2,98.6940997628,ViratKohli
104,105,29.0,1.31034482759,100.00444459,ViratKohli
105,106,29.0,1.20689655172,101.211341142,ViratKohli
106,107,27.0,1.48148148148,102.692822624,ViratKohli
107,108,23.0,1.13043478261,103.823257406,ViratKohli
108,109,22.0,1.18181818182,105.005075588,ViratKohli
109,110,20.0,1.65,106.655075588,ViratKohli
110,111,20.0,1.15,107.805075588,ViratKohli
111,112,20.0,1.65,109.455075588,ViratKohli
112,113,20.0,0.85,110.305075588,ViratKohli
113,114,18.0,1.77777777778,112.082853366,ViratKohli
114,115,18.0,0.944444444444,113.02729781,ViratKohli
115,116,16.0,1.5,114.52729781,ViratKohli
116,117,16.0,1.1875,115.71479781,ViratKohli
117,118,16.0,1.0625,116.77729781,ViratKohli
118,119,15.0,1.6,118.37729781,ViratKohli
119,120,13.0,1.69230769231,120.069605503,ViratKohli
120,121,12.0,2.0,122.069605503,ViratKohli
121,122,11.0,1.45454545455,123.524150957,ViratKohli
122,123,10.0,1.6,125.124150957,ViratKohli
123,124,10.0,0.8,125.924150957,ViratKohli
124,125,10.0,1.6,127.524150957,ViratKohli
125,126,9.0,1.33333333333,128.85748429,ViratKohli
126,127,9.0,0.222222222222,129.079706513,ViratKohli
127,128,7.0,2.57142857143,131.651135084,ViratKohli
128,129,7.0,1.0,132.651135084,ViratKohli
129,130,5.0,3.6,136.251135084,ViratKohli
130,131,4.0,1.25,137.501135084,ViratKohli
131,132,4.0,1.5,139.001135084,ViratKohli
132,133,4.0,2.75,141.751135084,ViratKohli
133,134,4.0,3.0,144.751135084,ViratKohli
134,135,4.0,3.25,148.001135084,ViratKohli
135,136,3.0,0.666666666667,148.667801751,ViratKohli
136,137,3.0,1.0,149.667801751,ViratKohli
137,138,3.0,2.66666666667,152.334468417,ViratKohli
138,139,3.0,1.0,153.334468417,ViratKohli
139,140,3.0,1.0,154.334468417,ViratKohli
140,141,3.0,1.66666666667,156.001135084,ViratKohli
141,142,3.0,1.66666666667,157.667801751,ViratKohli
142,143,2.0,2.0,159.667801751,ViratKohli
143,144,2.0,0.5,160.167801751,ViratKohli
144,145,2.0,1.0,161.167801751,ViratKohli
145,146,2.0,1.0,162.167801751,ViratKohli
146,147,2.0,0.5,162.667801751,ViratKohli
147,148,2.0,2.5,165.167801751,ViratKohli
148,149,2.0,1.0,166.167801751,ViratKohli
149,150,2.0,1.0,167.167801751,ViratKohli
150,151,2.0,0.5,167.667801751,ViratKohli
151,152,1.0,1.0,168.667801751,ViratKohli
152,153,1.0,1.0,169.667801751,ViratKohli
153,154,1.0,0.0,169.667801751,ViratKohli
154,155,1.0,0.0,169.667801751,ViratKohli
155,156,1.0,1.0,170.667801751,ViratKohli
156,157,1.0,1.0,171.667801751,ViratKohli
157,158,1.0,1.0,172.667801751,ViratKohli
158,159,1.0,6.0,178.667801751,ViratKohli
159,160,1.0,1.0,179.667801751,ViratKohli
160,161,1.0,0.0,179.667801751,ViratKohli
161,162,1.0,1.0,180.667801751,ViratKohli
162,163,1.0,1.0,181.667801751,ViratKohli
163,164,1.0,6.0,187.667801751,ViratKohli
164,165,1.0,4.0,191.667801751,ViratKohli
0,1,101.0,0.514851485149,0.514851485149,JoeRoot
1,2,100.0,0.42,0.934851485149,JoeRoot
2,3,99.0,0.464646464646,1.39949794979,JoeRoot
3,4,97.0,0.824742268041,2.22424021784,JoeRoot
4,5,96.0,0.635416666667,2.8596568845,JoeRoot
5,6,93.0,0.720430107527,3.58008699203,JoeRoot
6,7,92.0,0.836956521739,4.41704351377,JoeRoot
7,8,88.0,0.863636363636,5.28067987741,JoeRoot
8,9,86.0,0.767441860465,6.04812173787,JoeRoot
9,10,84.0,0.654761904762,6.70288364263,JoeRoot
10,11,83.0,0.590361445783,7.29324508842,JoeRoot
11,12,83.0,0.843373493976,8.13661858239,JoeRoot
12,13,81.0,0.888888888889,9.02550747128,JoeRoot
13,14,81.0,0.777777777778,9.80328524906,JoeRoot
14,15,79.0,0.683544303797,10.4868295529,JoeRoot
15,16,77.0,0.766233766234,11.2530633191,JoeRoot
16,17,75.0,0.92,12.1730633191,JoeRoot
17,18,74.0,0.851351351351,13.0244146704,JoeRoot
18,19,73.0,0.986301369863,14.0107160403,JoeRoot
19,20,73.0,0.986301369863,14.9970174102,JoeRoot
20,21,73.0,0.835616438356,15.8326338485,JoeRoot
21,22,73.0,0.753424657534,16.5860585061,JoeRoot
22,23,72.0,1.08333333333,17.6693918394,JoeRoot
23,24,72.0,0.916666666667,18.5860585061,JoeRoot
24,25,70.0,0.757142857143,19.3432013632,JoeRoot
25,26,70.0,0.842857142857,20.1860585061,JoeRoot
26,27,68.0,0.808823529412,20.9948820355,JoeRoot
27,28,68.0,0.764705882353,21.7595879178,JoeRoot
28,29,67.0,0.671641791045,22.4312297089,JoeRoot
29,30,67.0,0.910447761194,23.3416774701,JoeRoot
30,31,67.0,0.746268656716,24.0879461268,JoeRoot
31,32,67.0,0.820895522388,24.9088416492,JoeRoot
32,33,66.0,0.924242424242,25.8330840734,JoeRoot
33,34,66.0,0.969696969697,26.8027810431,JoeRoot
34,35,66.0,0.80303030303,27.6058113461,JoeRoot
35,36,66.0,0.80303030303,28.4088416492,JoeRoot
36,37,66.0,0.772727272727,29.1815689219,JoeRoot
37,38,64.0,0.734375,29.9159439219,JoeRoot
38,39,63.0,0.84126984127,30.7572137632,JoeRoot
39,40,63.0,0.968253968254,31.7254677314,JoeRoot
40,41,62.0,0.91935483871,32.6448225701,JoeRoot
41,42,61.0,1.06557377049,33.7103963406,JoeRoot
42,43,60.0,0.816666666667,34.5270630073,JoeRoot
43,44,59.0,0.64406779661,35.1711308039,JoeRoot
44,45,57.0,1.0350877193,36.2062185232,JoeRoot
45,46,56.0,0.946428571429,37.1526470946,JoeRoot
46,47,56.0,0.892857142857,38.0455042375,JoeRoot
47,48,55.0,1.10909090909,39.1545951466,JoeRoot
48,49,55.0,0.890909090909,40.0455042375,JoeRoot
49,50,52.0,0.788461538462,40.8339657759,JoeRoot
50,51,49.0,0.816326530612,41.6502923065,JoeRoot
51,52,48.0,0.729166666667,42.3794589732,JoeRoot
52,53,47.0,1.1914893617,43.5709483349,JoeRoot
53,54,47.0,1.10638297872,44.6773313136,JoeRoot
54,55,47.0,0.851063829787,45.5283951434,JoeRoot
55,56,44.0,0.863636363636,46.3920315071,JoeRoot
56,57,42.0,0.857142857143,47.2491743642,JoeRoot
57,58,40.0,1.225,48.4741743642,JoeRoot
58,59,37.0,1.05405405405,49.5282284183,JoeRoot
59,60,37.0,0.72972972973,50.257958148,JoeRoot
60,61,36.0,0.916666666667,51.1746248146,JoeRoot
61,62,36.0,0.833333333333,52.007958148,JoeRoot
62,63,36.0,0.722222222222,52.7301803702,JoeRoot
63,64,36.0,0.694444444444,53.4246248146,JoeRoot
64,65,34.0,1.0,54.4246248146,JoeRoot
65,66,34.0,0.852941176471,55.2775659911,JoeRoot
66,67,32.0,0.90625,56.1838159911,JoeRoot
67,68,32.0,0.9375,57.1213159911,JoeRoot
68,69,31.0,1.25806451613,58.3793805072,JoeRoot
69,70,31.0,1.12903225806,59.5084127653,JoeRoot
70,71,30.0,1.13333333333,60.6417460986,JoeRoot
71,72,27.0,0.62962962963,61.2713757283,JoeRoot
72,73,26.0,0.769230769231,62.0406064975,JoeRoot
73,74,25.0,1.12,63.1606064975,JoeRoot
74,75,24.0,1.125,64.2856064975,JoeRoot
75,76,24.0,1.16666666667,65.4522731642,JoeRoot
76,77,22.0,1.13636363636,66.5886368005,JoeRoot
77,78,21.0,1.2380952381,67.8267320386,JoeRoot
78,79,21.0,0.952380952381,68.779112991,JoeRoot
79,80,20.0,1.1,69.879112991,JoeRoot
80,81,19.0,0.421052631579,70.3001656226,JoeRoot
81,82,19.0,0.684210526316,70.9843761489,JoeRoot
82,83,18.0,1.33333333333,72.3177094822,JoeRoot
83,84,18.0,1.11111111111,73.4288205933,JoeRoot
84,85,18.0,0.833333333333,74.2621539267,JoeRoot
85,86,18.0,0.944444444444,75.2065983711,JoeRoot
86,87,17.0,0.823529411765,76.0301277829,JoeRoot
87,88,16.0,1.375,77.4051277829,JoeRoot
88,89,16.0,1.3125,78.7176277829,JoeRoot
89,90,16.0,0.9375,79.6551277829,JoeRoot
90,91,16.0,0.375,80.0301277829,JoeRoot
91,92,16.0,0.875,80.9051277829,JoeRoot
92,93,16.0,0.9375,81.8426277829,JoeRoot
93,94,16.0,0.5625,82.4051277829,JoeRoot
94,95,16.0,1.0625,83.4676277829,JoeRoot
95,96,16.0,1.125,84.5926277829,JoeRoot
96,97,16.0,0.875,85.4676277829,JoeRoot
97,98,14.0,1.57142857143,87.0390563543,JoeRoot
98,99,14.0,1.42857142857,88.4676277829,JoeRoot
99,100,14.0,1.14285714286,89.6104849257,JoeRoot
100,101,13.0,1.23076923077,90.8412541565,JoeRoot
101,102,12.0,1.33333333333,92.1745874898,JoeRoot
102,103,12.0,1.08333333333,93.2579208232,JoeRoot
103,104,12.0,1.58333333333,94.8412541565,JoeRoot
104,105,12.0,1.25,96.0912541565,JoeRoot
105,106,12.0,1.91666666667,98.0079208232,JoeRoot
106,107,12.0,1.5,99.5079208232,JoeRoot
107,108,12.0,1.08333333333,100.591254157,JoeRoot
108,109,11.0,1.0,101.591254157,JoeRoot
109,110,8.0,0.75,102.341254157,JoeRoot
110,111,6.0,0.333333333333,102.67458749,JoeRoot
111,112,6.0,1.5,104.17458749,JoeRoot
112,113,6.0,0.666666666667,104.841254157,JoeRoot
113,114,6.0,0.833333333333,105.67458749,JoeRoot
114,115,6.0,1.33333333333,107.007920823,JoeRoot
115,116,5.0,0.8,107.807920823,JoeRoot
116,117,5.0,0.8,108.607920823,JoeRoot
117,118,4.0,1.0,109.607920823,JoeRoot
118,119,4.0,0.75,110.357920823,JoeRoot
119,120,4.0,2.0,112.357920823,JoeRoot
120,121,4.0,0.5,112.857920823,JoeRoot
121,122,4.0,2.5,115.357920823,JoeRoot
122,123,4.0,0.75,116.107920823,JoeRoot
123,124,4.0,1.25,117.357920823,JoeRoot
124,125,4.0,1.25,118.607920823,JoeRoot
125,126,3.0,1.66666666667,120.27458749,JoeRoot
126,127,2.0,1.0,121.27458749,JoeRoot
127,128,2.0,0.5,121.77458749,JoeRoot
128,129,2.0,2.5,124.27458749,JoeRoot
129,130,1.0,4.0,128.27458749,JoeRoot
0,1,94.0,0.521276595745,0.521276595745,StevenSmith
1,2,92.0,0.630434782609,1.15171137835,StevenSmith
2,3,88.0,0.647727272727,1.79943865108,StevenSmith
3,4,87.0,0.747126436782,2.54656508786,StevenSmith
4,5,85.0,0.729411764706,3.27597685257,StevenSmith
5,6,84.0,0.595238095238,3.87121494781,StevenSmith
6,7,82.0,0.90243902439,4.7736539722,StevenSmith
7,8,82.0,0.658536585366,5.43219055756,StevenSmith
8,9,80.0,0.7,6.13219055756,StevenSmith
9,10,78.0,0.961538461538,7.0937290191,StevenSmith
10,11,76.0,0.921052631579,8.01478165068,StevenSmith
11,12,74.0,0.608108108108,8.62288975879,StevenSmith
12,13,71.0,0.746478873239,9.36936863203,StevenSmith
13,14,68.0,0.705882352941,10.075250985,StevenSmith
14,15,68.0,0.661764705882,10.7370156909,StevenSmith
15,16,64.0,0.75,11.4870156909,StevenSmith
16,17,62.0,0.951612903226,12.4386285941,StevenSmith
17,18,61.0,0.868852459016,13.3074810531,StevenSmith
18,19,61.0,0.72131147541,14.0287925285,StevenSmith
19,20,60.0,0.766666666667,14.7954591952,StevenSmith
20,21,58.0,0.655172413793,15.450631609,StevenSmith
21,22,56.0,0.910714285714,16.3613458947,StevenSmith
22,23,56.0,0.946428571429,17.3077744661,StevenSmith
23,24,55.0,1.01818181818,18.3259562843,StevenSmith
24,25,55.0,0.963636363636,19.2895926479,StevenSmith
25,26,54.0,0.462962962963,19.7525556109,StevenSmith
26,27,51.0,1.13725490196,20.8898105128,StevenSmith
27,28,51.0,0.549019607843,21.4388301207,StevenSmith
28,29,50.0,0.94,22.3788301207,StevenSmith
29,30,49.0,0.612244897959,22.9910750186,StevenSmith
30,31,49.0,0.734693877551,23.7257688962,StevenSmith
31,32,48.0,0.729166666667,24.4549355629,StevenSmith
32,33,47.0,0.872340425532,25.3272759884,StevenSmith
33,34,45.0,1.08888888889,26.4161648773,StevenSmith
34,35,45.0,0.911111111111,27.3272759884,StevenSmith
35,36,44.0,0.75,28.0772759884,StevenSmith
36,37,43.0,0.860465116279,28.9377411047,StevenSmith
37,38,42.0,0.97619047619,29.9139315809,StevenSmith
38,39,39.0,1.05128205128,30.9652136321,StevenSmith
39,40,38.0,0.842105263158,31.8073188953,StevenSmith
40,41,38.0,0.763157894737,32.57047679,StevenSmith
41,42,38.0,0.894736842105,33.4652136321,StevenSmith
42,43,38.0,0.657894736842,34.123108369,StevenSmith
43,44,38.0,0.973684210526,35.0967925795,StevenSmith
44,45,38.0,1.10526315789,36.2020557374,StevenSmith
45,46,38.0,1.02631578947,37.2283715269,StevenSmith
46,47,37.0,0.783783783784,38.0121553107,StevenSmith
47,48,37.0,1.21621621622,39.2283715269,StevenSmith
48,49,34.0,0.794117647059,40.0224891739,StevenSmith
49,50,32.0,1.0625,41.0849891739,StevenSmith
50,51,32.0,0.40625,41.4912391739,StevenSmith
51,52,31.0,1.32258064516,42.8138198191,StevenSmith
52,53,30.0,1.13333333333,43.9471531524,StevenSmith
53,54,29.0,0.620689655172,44.5678428076,StevenSmith
54,55,28.0,0.642857142857,45.2106999505,StevenSmith
55,56,28.0,0.607142857143,45.8178428076,StevenSmith
56,57,27.0,0.851851851852,46.6696946595,StevenSmith
57,58,27.0,0.888888888889,47.5585835483,StevenSmith
58,59,27.0,1.07407407407,48.6326576224,StevenSmith
59,60,27.0,0.962962962963,49.5956205854,StevenSmith
60,61,26.0,0.807692307692,50.4033128931,StevenSmith
61,62,26.0,1.26923076923,51.6725436623,StevenSmith
62,63,26.0,1.03846153846,52.7110052008,StevenSmith
63,64,25.0,1.08,53.7910052008,StevenSmith
64,65,25.0,0.64,54.4310052008,StevenSmith
65,66,25.0,1.04,55.4710052008,StevenSmith
66,67,24.0,1.0,56.4710052008,StevenSmith
67,68,24.0,1.0,57.4710052008,StevenSmith
68,69,24.0,0.625,58.0960052008,StevenSmith
69,70,24.0,0.916666666667,59.0126718674,StevenSmith
70,71,23.0,0.913043478261,59.9257153457,StevenSmith
71,72,23.0,0.565217391304,60.490932737,StevenSmith
72,73,22.0,1.18181818182,61.6727509188,StevenSmith
73,74,21.0,1.04761904762,62.7203699664,StevenSmith
74,75,21.0,0.52380952381,63.2441794902,StevenSmith
75,76,20.0,0.85,64.0941794902,StevenSmith
76,77,18.0,1.5,65.5941794902,StevenSmith
77,78,17.0,0.588235294118,66.1824147844,StevenSmith
78,79,17.0,0.470588235294,66.6530030196,StevenSmith
79,80,16.0,1.3125,67.9655030196,StevenSmith
80,81,16.0,0.9375,68.9030030196,StevenSmith
81,82,16.0,0.75,69.6530030196,StevenSmith
82,83,16.0,0.625,70.2780030196,StevenSmith
83,84,16.0,1.0625,71.3405030196,StevenSmith
84,85,16.0,0.6875,72.0280030196,StevenSmith
85,86,16.0,1.25,73.2780030196,StevenSmith
86,87,16.0,0.625,73.9030030196,StevenSmith
87,88,16.0,1.75,75.6530030196,StevenSmith
88,89,15.0,1.6,77.2530030196,StevenSmith
89,90,15.0,0.466666666667,77.7196696863,StevenSmith
90,91,14.0,1.0,78.7196696863,StevenSmith
91,92,14.0,1.0,79.7196696863,StevenSmith
92,93,14.0,1.35714285714,81.0768125435,StevenSmith
93,94,13.0,1.61538461538,82.6921971588,StevenSmith
94,95,13.0,0.307692307692,82.9998894665,StevenSmith
95,96,10.0,1.2,84.1998894665,StevenSmith
96,97,10.0,1.1,85.2998894665,StevenSmith
97,98,10.0,0.5,85.7998894665,StevenSmith
98,99,10.0,1.1,86.8998894665,StevenSmith
99,100,9.0,1.0,87.8998894665,StevenSmith
100,101,9.0,1.66666666667,89.5665561332,StevenSmith
101,102,9.0,1.44444444444,91.0110005776,StevenSmith
102,103,9.0,1.66666666667,92.6776672443,StevenSmith
103,104,8.0,2.25,94.9276672443,StevenSmith
104,105,8.0,1.125,96.0526672443,StevenSmith
105,106,7.0,0.571428571429,96.6240958157,StevenSmith
106,107,7.0,1.42857142857,98.0526672443,StevenSmith
107,108,6.0,1.33333333333,99.3860005776,StevenSmith
108,109,5.0,0.8,100.186000578,StevenSmith
109,110,5.0,1.4,101.586000578,StevenSmith
110,111,5.0,0.8,102.386000578,StevenSmith
111,112,4.0,1.5,103.886000578,StevenSmith
112,113,4.0,1.25,105.136000578,StevenSmith
113,114,4.0,1.0,106.136000578,StevenSmith
114,115,4.0,0.5,106.636000578,StevenSmith
115,116,3.0,2.0,108.636000578,StevenSmith
116,117,3.0,0.0,108.636000578,StevenSmith
117,118,3.0,0.666666666667,109.302667244,StevenSmith
118,119,3.0,0.333333333333,109.636000578,StevenSmith
119,120,2.0,1.0,110.636000578,StevenSmith
120,121,2.0,2.5,113.136000578,StevenSmith
121,122,2.0,1.0,114.136000578,StevenSmith
122,123,2.0,0.5,114.636000578,StevenSmith
123,124,2.0,1.0,115.636000578,StevenSmith
124,125,2.0,2.0,117.636000578,StevenSmith
125,126,2.0,1.0,118.636000578,StevenSmith
126,127,2.0,0.5,119.136000578,StevenSmith
127,128,2.0,1.0,120.136000578,StevenSmith
128,129,2.0,1.0,121.136000578,StevenSmith
129,130,2.0,1.0,122.136000578,StevenSmith
130,131,2.0,1.0,123.136000578,StevenSmith
131,132,2.0,1.0,124.136000578,StevenSmith
132,133,2.0,1.0,125.136000578,StevenSmith
133,134,2.0,1.0,126.136000578,StevenSmith
134,135,2.0,1.0,127.136000578,StevenSmith
135,136,2.0,2.0,129.136000578,StevenSmith
136,137,2.0,1.0,130.136000578,StevenSmith
137,138,2.0,1.0,131.136000578,StevenSmith
138,139,2.0,2.0,133.136000578,StevenSmith
139,140,2.0,3.5,136.636000578,StevenSmith
140,141,2.0,0.5,137.136000578,StevenSmith
141,142,1.0,2.0,139.136000578,StevenSmith
142,143,1.0,1.0,140.136000578,StevenSmith
143,144,1.0,2.0,142.136000578,StevenSmith
144,145,1.0,6.0,148.136000578,StevenSmith
145,146,1.0,1.0,149.136000578,StevenSmith
146,147,1.0,1.0,150.136000578,StevenSmith
147,148,1.0,1.0,151.136000578,StevenSmith
148,149,1.0,6.0,157.136000578,StevenSmith
149,150,1.0,2.0,159.136000578,StevenSmith
150,151,1.0,4.0,163.136000578,StevenSmith
151,152,1.0,1.0,164.136000578,StevenSmith
152,153,1.0,2.0,166.136000578,StevenSmith
153,154,1.0,0.0,166.136000578,StevenSmith
154,155,1.0,4.0,170.136000578,StevenSmith
155,156,1.0,0.0,170.136000578,StevenSmith
156,157,1.0,2.0,172.136000578,StevenSmith
157,158,1.0,1.0,173.136000578,StevenSmith
158,159,1.0,0.0,173.136000578,StevenSmith
159,160,1.0,2.0,175.136000578,StevenSmith
160,161,1.0,0.0,175.136000578,StevenSmith
